Longitude,Latitude,Name,Contact
-73.96518,40.75974,"DD-New York,NY","1093 Second Ave, New York,NY 10022, (212) 838-8838"
-73.96338,40.75768,"DD-New York,NY","1024 1st Avenue, New York,NY 10022, (212) 223-1177"
-73.97172,40.75021,"DD-New York,NY","800 Second Ave, New York,NY 10017, (212) 599-1100"
-73.96937,40.75758,"DD/BR-New York,NY","875 3rd Ave, New York,NY 10022, (212) 758-4121"
-73.97053,40.75818,"DD/BR-New York,NY","153 E 53rd Street, New York,NY 10022, (212) 888-5415"
-73.97058,40.75921,"DD-New York,NY","638 Lexington Ave, New York,NY 10022, (212) 644-5848"
-73.97602,40.76027,"DD-New York,NY","666 5th Ave, New York,NY 10103, (212) 315-3408"
-73.97598,40.76212,"DD/BR-New York,NY","55 West 55th Street, New York,NY 10019, (212) 245-4655"
-73.94814,40.80137,"DD/BR-New York,NY","53 West 116th Street, New York,NY 10026, (212) 860-9894"
-73.95258,40.80799,"DD-New York,NY","2264 Frederick Douglas Blvd, New York,NY 10027, (212) 222-1414"
-73.94570,40.80810,"DD-New York,NY","105 West 125th St, New York,NY 10027, (212) 665-2090"
-73.93692,40.80481,"DD/BR-Manhattan,NY","2083 Lexington Ave, Manhattan,NY 10035, (212) 831-3085"
-73.93450,40.80336,"DD-New York,NY","255 East 125th St, New York,NY 10035, (212) 427-9321"
-73.94486,40.82347,"DD-New York,NY","680 St Nicholas Ave, New York,NY 10030, (212) 281-0056"
-73.94180,40.82301,"DD/BR-New York,NY","2730 Frederick Douglass Boulevard, New York,NY 10039, (212) 862-0635"
-73.93658,40.82059,"DD/BR-New York,NY","110 West 145th Street, New York,NY 10039, (212) 234-3440"
-73.93744,40.83946,"DD-New York,NY","501 W 167th St, New York,NY 10032"
-73.92105,40.83555,"DD/BR-Bronx,NY","46 E 167th St, Bronx,NY 10452, (718) 992-9677"
-73.92984,40.85490,"DD-New York,NY","1599 St Nicholas Ave, New York,NY 10040, (212) 568-1039"
-73.93428,40.85338,"DD-New York,NY","4353 Broadway, New York,NY 10033, (212) 740-0001"
-73.93727,40.85063,"DD/BR-New York,NY","728 W 181st Street, New York,NY 10033, (212) 923-9239"
-73.93383,40.84918,"DD-New York,NY","1416 Saint Nicholas Avenue, New York,NY 10033, (212) 928-1900"
-73.97874,40.75578,"DD-New York,NY","6 East 46th St, New York,NY 10017, (212) 867-4446"
-73.97899,40.75844,"DD-New York,NY","30 Rockefeller Centre Mezzanine L, New York,NY 10112, (212) 333-4412"
-73.98431,40.76141,"DD-New York,NY","210 W 50th St, New York,NY 10019, (212) 757-4617"
-73.98289,40.76695,"DD-New York,NY","973 8th Ave, New York,NY 10019, (212) 315-2616"
-73.98967,40.75546,"DD/BR-New York,NY","240 W 40th St, New York,NY 10018, (212) 395-9280"
-73.99110,40.75368,"DD-New York,NY","265 W 37th St, New York,NY 10018, (212) 302-8080"
-73.99254,40.75374,"DD-New York,NY","525 8th Ave, New York,NY 10018, (212) 216-0997"
-73.95312,40.78313,"DD/BR-New York,NY","1392 Lexington Ave, New York,NY 10128, (212) 722-5767"
-73.95174,40.76987,"DD-New York,NY","1443 York Ave, New York,NY 10075, (212) 452-1026"
-73.97464,40.79030,"DD-New York,NY","2424 Broadway  (Broadway And 89th), New York,NY 10024"
-73.97124,40.79495,"DD-New York,NY","2568 Broadway, New York,NY 10025"
-73.95034,40.77752,"DD-New York,NY","355 E 86th St, New York,NY 10028, (212) 876-4510"
-73.97145,40.79231,"DD-New York,NY","687 Amsterdam Ave, New York,NY 10025, (212) 864-1046"
-73.96789,40.79261,"DD-New York,NY","730 Columbus Ave, New York,NY 10025, (212) 280-3396"
-73.97512,40.78754,"DD-New York,NY","535 Amsterdam Ave  Unit A, New York,NY 10024, (212) 595-1682"
-73.96951,40.79795,"DD-New York,NY","2661 Broadway, New York,NY 10025, (212) 280-2221"
-73.96596,40.80010,"DD-New York,NY","929 Amsterdam Ave, New York,NY 10025, (212) 280-0648"
-73.95712,40.77052,"DD-New York,NY","1433 2nd Avenue, New York,NY 10021, (212) 737-8153"
-73.95384,40.78768,"DD-New York,NY","1391 Madison Avenue, New York,NY 10029, (212) 423-0190"
-73.94369,40.79319,"DD-New York,NY","1972 3rd Ave, New York,NY 10029, (212) 369-9610"
-73.94813,40.79550,"DD/BR-New York,NY","1630 Madison Avenue, New York,NY 10029, (212) 289-1285"
-73.94107,40.79855,"DD/BR-New York,NY","159 E 116th St, New York,NY 10029, (212) 289-7685"
-73.91125,40.80542,"DD-Bronx,NY","281 Bruckner Blvd, Bronx,NY 10454, (718) 401-5817"
-73.90471,40.81247,"DD-Bronx,NY","843 East 149th St, Bronx,NY 10455, (718) 292-6882"
-73.92242,40.80467,"DD-Bronx,NY","114 Bruckner Boulevard, Bronx,NY 10454, (718) 402-4222"
-73.87150,40.82434,"DD/BR-Bronx,NY","1650 Bruckner Boulevard, Bronx,NY 10473, (718) 893-2090"
-73.87626,40.82902,"DD-Bronx,NY","1583 Westchester Avenue, Bronx,NY 10472, (718) 378-3069"
-73.84350,40.86198,"DD-Bronx,NY","2451 Eastchester Rd, Bronx,NY 10469, (718) 655-2300"
-73.85324,40.84931,"DD-Bronx,NY","1090 Morris Park, Bronx,NY 10462"
-73.83405,40.86406,"DD-Bronx,NY","1780 E Gun Hill Road, Bronx,NY 10469, (718) 320-4070"
-73.86684,40.83187,"DD-Bronx,NY","1791 Westchester Ave, Bronx,NY 10472, (718) 824-3796"
-73.89228,40.81665,"DD-Bronx,NY","880 Garrison Ave, Bronx,NY 10474, (718) 861-4171"
-73.89265,40.82429,"DD/BR-Bronx,NY","1040 Westchester Avenue, Bronx,NY 10459, (718) 842-3885"
-73.86079,40.83494,"DD-Bronx,NY","1374 Metropolitan Ave, Bronx,NY 10462, (718) 931-7960"
-73.86589,40.84526,"DD/BR-Bronx,NY","699 Morris Park Avenue, Bronx,NY 10462, (718) 794-1973"
-73.91251,40.84748,"DD/BR-Bronx,NY","1733 Jerome Avenue, Bronx,NY 10453, (718) 731-2200"
-73.91154,40.85471,"DD-Bronx,NY","26 Burnside Avenue, Bronx,NY 10453, (718) 294-5780"
-73.86752,40.85489,"DD-Bronx,NY","2148 White Plains Rd, Bronx,NY 10462, (718) 792-3686"
-73.86742,40.85794,"DD-Bronx,NY","2200 White Plains Rd, Bronx,NY 10467, (718) 944-2109"
-73.84465,40.84677,"DD-Bronx,NY","1720 Eastchester Road Pathmark, Bronx,NY 10461, (718) 823-6068"
-73.89958,40.82500,"DD/BR-Bronx,NY","1041 Prospect Ave, Bronx,NY 10459, (718) 328-1351"
-73.82213,40.82643,"DD-Bronx,NY","3732 E Tremont Ave, Bronx,NY 10465, (718) 892-4586"
-73.82779,40.83277,"DD-Bronx,NY","3421 E Tremont Ave, Bronx,NY 10465"
-73.80964,40.81971,"DD-Bronx,NY","4147 Throggs Neck Expressway, Bronx,NY 10465, (718) 824-9292"
-73.89730,40.84447,"DD/BR-Bronx,NY","4115 3rd Avenue, Bronx,NY 10457, (718) 294-5344"
-73.86372,40.87667,"DD-Bronx,NY","763 E Gun Hill Rd, Bronx,NY 10467, (718) 652-7845"
-73.85652,40.87054,"DD/BR-Bronx,NY","3080 Boston Road, Bronx,NY 10469, (718) 231-7766"
-73.91032,40.83103,"DD/BR-Bronx,NY","1167 Webster Avenue, Bronx,NY 10456, (718) 588-7234"
-73.84634,40.83706,"DD-Bronx,NY","2400 Westchester Avenue, Bronx,NY 10461, (718) 239-6958"
-73.84589,40.84274,"DD/BR-Bronx,NY","2702 East Tremont Avenue, Bronx,NY 10461, (718) 824-3131"
-73.85225,40.83401,"DD/BR-Bronx,NY","2172 Westchester Ave, Bronx,NY 10462, (718) 918-1235"
-73.90507,40.87923,"DD-Bronx,NY","209 W 231st St, Bronx,NY 10463, (718) 432-2742"
-73.90700,40.87667,"DD/BR-Bronx,NY","5501 Broadway, Bronx,NY 10460, (718) 432-2606"
-73.89830,40.89011,"DD-Bronx,NY","5987 Broadway 89, Bronx,NY 10471, (718) 884-1763"
-73.91808,40.77007,"DD/BR-Astoria,NY","2502 31st Street, Astoria,NY 11102, (718) 726-6982"
-73.90389,40.77115,"DD/BR-Astoria,NY","4322 Ditmars Blvd, Astoria,NY 11105, (718) 204-2110"
-73.90782,40.76919,"DD-Astoria,NY","4307 Astoria Blvd, Astoria,NY 11105, (718) 267-8020"
-73.86494,40.76775,"DD-East Elmhurst,NY","10702 Grand Central Pkwy East, East Elmhurst,NY 11369, (718) 478-1923"
-73.87623,40.77377,"DD-Flushing,NY","Grand Central Pkwy Delta Terminal, Flushing,NY 11371, (718) 565-3209"
-73.88637,40.76728,"DD-Flushing,NY","Grand Central Pkwy LaGuardia Airport, Flushing,NY 11371"
-73.87258,40.77563,"DD/BR-Flushing,NY","Grand Central Pkwy LaGuardia Airport, Flushing,NY 11371, (718) 335-6473"
-73.87236,40.77309,"DD-Flushing,NY","Grand Central Pkwy LaGuardia Intl Airport, Flushing,NY 11371, (718) 656-6210"
-73.86593,40.77189,"DD-Flushing,NY","Grand Central Pkwy US Airways Terminal Kiosk, Flushing,NY 11371, (718) 656-6210"
-73.86190,40.76919,"DD-Flushing,NY","LGA Airport Delta/Grove Grand Central Pkwy, Flushing,NY 11371, (718) 565-3209"
-73.90717,40.77383,"DD-Astoria,NY","3723 Ditmars Blvd, Astoria,NY 11105, (718) 204-0115"
-73.91026,40.77583,"DD-Astoria,NY","3114 Ditmars Boulevard, Astoria,NY 11105, (718) 274-3011"
-73.86007,40.86554,"DD-Bronx,NY","950 Allerton Avenue, Bronx,NY 10469, (718) 653-8341"
-73.86732,40.86545,"DD-Bronx,NY","701 Allerton Avenue, Bronx,NY 10467, (718) 882-6170"
-73.89101,40.85400,"DD-Bronx,NY","4521 3rd Avenue, Bronx,NY 10457, (718) 220-3337"
-73.87702,40.89561,"DD-Bronx,NY","1 E 233rd St BP-AMG, Bronx,NY 10470"
-73.86365,40.89550,"DD-Bronx,NY","4201 Webster Ave Mobil, Bronx,NY 10470, (718) 881-0380"
-73.88635,40.87828,"DD-Bronx,NY","3276 Jerome Avenue, Bronx,NY 10468, (718) 220-3482"
-73.90296,40.85989,"DD-Bronx,NY","2350 Jerome Avenue, Bronx,NY 10458, (718) 220-5651"
-73.89734,40.86732,"DD/BR-Bronx,NY","2 E Kingsbridge Ave, Bronx,NY 10468, (718) 733-4347"
-73.89737,40.86746,"DD/BR-Bronx,NY","2 East Kingsbridge Road, Bronx,NY 10468, (718) 733-4347"
-73.89860,40.85908,"DD/BR-Bronx,NY","2370 Grand Concourse, Bronx,NY 10458, (718) 220-4828"
-73.89426,40.86248,"DD-Bronx,NY","327 E Fordham Rd, Bronx,NY 10458, (718) 367-7022"
-73.84893,40.89063,"DD-Bronx,NY","980 E 233rd St, Bronx,NY 10466, (718) 231-1132"
-73.85690,40.89314,"DD-Bronx,NY","712 E 233rd St, Bronx,NY 10466, (718) 798-0380"
-73.85500,40.89790,"DD-Bronx,NY","4399A White Plains Road, Bronx,NY 10466, (718) 944-2309"
-73.87904,40.87006,"DD-Bronx,NY","3059 Webster Ave, Bronx,NY 10467, (718) 944-1590"
-73.86506,40.86373,"DD-Bronx,NY","2515 Boston Rd, Bronx,NY 10467, (718) 231-2835"
-74.01303,40.64227,"DD/BR-Brooklyn,NY","5425 5th Ave, Brooklyn,NY 11220, (718) 492-3047"
-74.00565,40.65585,"DD/BR-Brooklyn,NY","126 35th St, Brooklyn,NY 11232, (718) 499-9055"
-73.99746,40.66070,"DD/BR-Brooklyn,NY","737 4th Ave, Brooklyn,NY 11232, (781) 832-0732"
-73.99736,40.66459,"DD-Brooklyn,NY","668 3rd Ave, Brooklyn,NY 11232, (718) 369-0537"
-74.02100,40.64516,"DD/BR-Brooklyn,NY","5702 2nd Avenue, Brooklyn,NY 11220, (718) 439-5119"
-74.01412,40.63454,"DD/BR-Brooklyn,NY","6402 7th Avenue, Brooklyn,NY 11220, (718) 748-4610"
-74.02270,40.62892,"DD/BR-Brooklyn,NY","7519 5th Ave, Brooklyn,NY 11209, (718) 439-7305"
-74.02283,40.63591,"DD-Brooklyn,NY","6743 4th Ave, Brooklyn,NY 11220"
-74.02030,40.63476,"DD-Brooklyn,NY","6755 5th Ave, Brooklyn,NY 11220, (718) 745-1739"
-74.02637,40.63448,"DD-Brooklyn,NY","7111 3rd Ave, Brooklyn,NY 11209, (718) 748-3294"
-73.99328,40.67018,"DD/BR-Brooklyn,NY","137 12th St, Brooklyn,NY 11215, (718) 840-0445"
-73.99667,40.68037,"DD/BR-Brooklyn,NY","383 Court St, Brooklyn,NY 11231, (718) 797-3542"
-73.98638,40.66907,"DD-Brooklyn,NY","448 5th Avenue, Brooklyn,NY 11215, (718) 832-9460"
-74.02543,40.62267,"DD-Brooklyn,NY","8425 5th Avenue 84th St, Brooklyn,NY 11209, (718) 836-8847"
-73.99360,40.66835,"DD-Brooklyn,NY","552 3rd Avenue, Brooklyn,NY 11215, (718) 788-7888"
-73.96399,40.64907,"DD-Brooklyn,NY","1700 Church Avenue, Brooklyn,NY 11226, (718) 282-0112"
-73.96098,40.66328,"DD-Brooklyn,NY","40 Empire Boulevard, Brooklyn,NY 11225, (718) 284-9305"
-74.00222,40.60741,"DD-Brooklyn,NY","8513 18th Ave, Brooklyn,NY 11214, (718) 234-7488"
-73.99863,40.60484,"DD-Brooklyn,NY","1980 86th Street, Brooklyn,NY 11214, (718) 449-2840"
-74.00819,40.61967,"DD/BR-Brooklyn,NY","7602 13th Ave, Brooklyn,NY 11228"
-73.99369,40.61544,"DD/BR-Brooklyn,NY","7121 18th Ave, Brooklyn,NY 11204, (718) 232-1522"
-73.99934,40.62467,"DD/BR-Brooklyn,NY","6502 14th Avenue, Brooklyn,NY 11219, (718) 232-8133"
-73.98344,40.68901,"DD/BR-Brooklyn,NY","24 Bond Street, Brooklyn,NY 11201, (718) 858-3832"
-73.99069,40.68670,"DD/BR-Brooklyn,NY","148 Smith St, Brooklyn,NY 11201, (718) 403-0386"
-73.98024,40.68817,"DD-Brooklyn,NY","17 Flatbush Ave, Brooklyn,NY 11217, (718) 338-0530"
-73.97831,40.68438,"DD/BR-Brooklyn,NY","578 Atlantic Avenue, Brooklyn,NY 11217, (718) 596-6029"
-74.02882,40.62195,"DD-Brooklyn,NY","8704 Fourth Ave, Brooklyn,NY 11209, (718) 238-3300"
-74.03040,40.61741,"DD/BR-Brooklyn,NY","9243 4th Ave, Brooklyn,NY 11209, (718) 745-4060"
-74.03215,40.62098,"DD-Brooklyn,NY","8924 Third Ave, Brooklyn,NY 11209, (718) 680-0019"
-74.00082,40.67632,"DD-Brooklyn,NY","289 Hamilton Ave, Brooklyn,NY 11231, (718) 237-0374"
-73.95548,40.66957,"DD-Brooklyn,NY","1550 Bedford Avenue, Brooklyn,NY 11225, (718) 493-1175"
-73.94885,40.68054,"DD-Brooklyn,NY","1309 Fulton St, Brooklyn,NY 11216, (718) 636-7823"
-73.99348,40.60247,"DD-Brooklyn,NY","8514 Bay Pkwy, Brooklyn,NY 11214, (718) 449-5396"
-73.99738,40.59828,"DD-Brooklyn,NY","8775 Bay Pkwy, Brooklyn,NY 11214, (718) 449-5396"
-73.94241,40.70147,"DD/BR-Brooklyn,NY","13 Graham Ave, Brooklyn,NY 11206, (718) 384-2300"
-73.92470,40.69101,"DD/BR-Brooklyn,NY","1285 Broadway, Brooklyn,NY 11221, (718) 453-9880"
-73.93361,40.67750,"DD-Brooklyn,NY","1720 Atlantic Avenue, Brooklyn,NY 11213, (718) 756-1011"
-73.98445,40.59626,"DD/BR-Brooklyn,NY","2630 86th Street, Brooklyn,NY 11223, (718) 372-0650"
-73.95036,40.66951,"DD-Brooklyn,NY","542 Eastern Pkwy, Brooklyn,NY 11225, (718) 221-0036"
-73.98436,40.57904,"DD-Brooklyn,NY","1617 Neptune Avenue, Brooklyn,NY 11224, (718) 265-1810"
-73.99673,40.57546,"DD/BR-Brooklyn,NY","3015 Mermaid Ave, Brooklyn,NY 11224, (718) 266-5021"
-73.95195,40.68979,"DD/BR-Brooklyn,NY","573 Lafayette Avenue, Brooklyn,NY 11205, (718) 230-4145"
-73.98898,40.62010,"DD-Brooklyn,NY","6309 18th Ave Unit 6315, Brooklyn,NY 11204, (718) 621-1058"
-73.98193,40.61333,"DD-Brooklyn,NY","6627 Bay Parkway, Brooklyn,NY 11204, (201) 995-0462"
-73.97655,40.62687,"DD-Brooklyn,NY","1080 McDonald Ave ShopRite, Brooklyn,NY 11230"
-73.94444,40.71491,"DD/BR-Brooklyn,NY","352 Graham Avenue, Brooklyn,NY 11211, (718) 384-7640"
-73.95116,40.72421,"DD/BR-Brooklyn,NY","643 Manhattan Ave, Brooklyn,NY 11222, (718) 472-3745"
-73.96297,40.63555,"DD-Brooklyn,NY","10 Newkirk Plaza, Brooklyn,NY 11226, (718) 421-3650"
-73.96765,40.63536,"DD/BR-Brooklyn,NY","906 Coney Island Avenue, Brooklyn,NY 11218, (718) 871-0526"
-73.96223,40.62508,"DD/BR-Brooklyn,NY","1410 Avenue J, Brooklyn,NY 11230, (718) 692-1939"
-73.95978,40.61773,"DD/BR-Brooklyn,NY","1510 Elm Ave, Brooklyn,NY 11230, (718) 627-0667"
-73.96289,40.60702,"DD-Brooklyn,NY","934 Kings Highway, Brooklyn,NY 11229, (718) 627-2450"
-73.95844,40.60854,"DD-Brooklyn,NY","1422 Kings Hwy, Brooklyn,NY 11229, (718) 998-2632"
-73.95457,40.61044,"DD/BR-Brooklyn,NY","1903 Kings Hwy, Brooklyn,NY 11229, (718) 998-0991"
-73.95728,40.60847,"DD-Brooklyn,NY","1691 E 16th Street, Brooklyn,NY 11229, (718) 375-0887"
-73.95307,40.59932,"DD/BR-Brooklyn,NY","1815 Avenue U, Brooklyn,NY 11229, (718) 336-7414"
-73.93927,40.74982,"DD-Long Island City,NY","2700 Queens Plaza S 2712, Long Island City,NY 11101, (718) 937-6505"
-73.95398,40.73001,"DD/BR-Brooklyn,NY","892 Manhattan Ave, Brooklyn,NY 11222, (718) 349-2930"
-73.93110,40.58538,"DD-Brooklyn,NY","2801 Knapp St, Brooklyn,NY 11235, (718) 615-3184"
-73.94034,40.59363,"DD/BR-Brooklyn,NY","3701 Nostrand Ave, Brooklyn,NY 11235, (718) 743-6555"
-73.91211,40.67252,"DD/BR-Brooklyn,NY","1710 Eastern Pkwy, Brooklyn,NY 11223, (718) 566-6280"
-73.91647,40.67672,"DD/BR-Brooklyn,NY","1993 Atlantic Avenue, Brooklyn,NY 11233, (718) 342-5138"
-73.97655,40.59661,"DD-Brooklyn,NY","203 Avenue U, Brooklyn,NY 11223, (718) 265-3015"
-73.91612,40.68613,"DD-Brooklyn,NY","1556 Broadway, Brooklyn,NY 11221, (718) 574-4539"
-73.97637,40.60481,"DD/BR-Brooklyn,NY","373 Kings Hwy, Brooklyn,NY 11223, (718) 627-4936"
-73.97243,40.60888,"DD-Brooklyn,NY","407 Avenue P, Brooklyn,NY 11223, (718) 513-1668"
-73.91726,40.69892,"DD/BR-Brooklyn,NY","1443 Myrtle Avenue, Brooklyn,NY 11237, (718) 418-0733"
-73.91867,40.70396,"DD/BR-Brooklyn,NY","137 Wyckoff Avenue, Brooklyn,NY 11237, (718) 418-2483"
-73.90583,40.70030,"DD/BR-Flushing,NY","5615 Myrtle Ave, Flushing,NY 11385, (718) 497-3581"
-73.96115,40.59792,"DD-Brooklyn,NY","2419 Coney Island Avenue, Brooklyn,NY 11223, (718) 376-3590"
-73.95486,40.58770,"DD/BR-Brooklyn,NY","1427 Sheepshead Bay Rd, Brooklyn,NY 11235, (718) 332-9414"
-73.92586,40.61249,"DD/BR-Brooklyn,NY","2344 Flatbush Ave, Brooklyn,NY 11234, (718) 338-0530"
-73.92816,40.62567,"DD-Brooklyn,NY","4926 Avenue K, Brooklyn,NY 11234, (718) 968-1173"
-73.91861,40.63025,"DD-Brooklyn,NY","1930 Ralph Ave, Brooklyn,NY 11234"
-73.93713,40.62287,"DD/BR-Brooklyn,NY","1922 Flatbush Avenue  # L, Brooklyn,NY 11210, (718) 758-0002"
-73.94746,40.62900,"DD/BR-Brooklyn,NY","2926 Avenue I, Brooklyn,NY 11210, (718) 252-5349"
-73.94719,40.63237,"DD-Brooklyn,NY","1575  Flatbush Ave, Brooklyn,NY 11210, (718) 434-3844"
-73.94259,40.65572,"DD/BR-Brooklyn,NY","506 Clarkson Ave, Brooklyn,NY 11203, (718) 953-7823"
-73.93124,40.65842,"DD/BR-Brooklyn,NY","610 Utica Ave, Brooklyn,NY 11203, (718) 735-1918"
-73.94955,40.65047,"DD/BR-Brooklyn,NY","1467 Nostrand Avenue, Brooklyn,NY 11226, (212) 713-2738"
-73.91950,40.63897,"DD/BR-Brooklyn,NY","1556 Ralph Ave, Brooklyn,NY 11236, (718) 574-4539"
-73.92266,40.64476,"DD-Brooklyn,NY","5708 Clarendon Rd, Brooklyn,NY 11203, (718) 451-1104"
-73.92178,40.65250,"DD/BR-Brooklyn,NY","5901 Church Avenue, Brooklyn,NY 11203, (718) 342-0050"
-73.92049,40.66145,"DD/BR-Brooklyn,NY","241A Rockaway Parkway, Brooklyn,NY 11212, (718) 240-9011"
-73.90702,40.65488,"DD-Brooklyn,NY","1427 Linden Boulevard, Brooklyn,NY 11212, (718) 385-6338"
-73.91081,40.61742,"DD-Brooklyn,NY","6620 Avenue U, Brooklyn,NY 11234, (718) 241-4064"
-73.89073,40.65870,"DD-Brooklyn,NY","1939 Linden Boulevard, Brooklyn,NY 11207, (718) 385-6338"
-73.90330,40.68090,"DD-Brooklyn,NY","1610 Bushwick Ave, Brooklyn,NY 11207, (718) 574-6044"
-73.89828,40.67775,"DD/BR-Brooklyn,NY","43 Jamaica Avenue, Brooklyn,NY 11207, (718) 322-2127"
-73.87312,40.68336,"DD/BR-Brooklyn,NY","3319 Fulton Street, Brooklyn,NY 11208, (718) 235-1511"
-73.88042,40.67930,"DD/BR-Brooklyn,NY","245 Highland Place, Brooklyn,NY 11208, (718) 277-1995"
-73.85310,40.69346,"DD/BR-Woodhaven,NY","9217 Jamaica Ave, Woodhaven,NY 11421, (718) 850-2717"
-73.85967,40.69256,"DD/BR-Woodhaven,NY","8413 Jamaica Ave, Woodhaven,NY 11421, (718) 847-9129"
-73.84274,40.68982,"DD-Ozone Park,NY","10202 Atlantic Avenue, Ozone Park,NY 11416, (718) 850-9383"
-73.92975,40.75646,"DD/BR-Long Island City,NY","3102 36th Ave, Long Island City,NY 11106, (718) 278-4860"
-73.92505,40.75582,"DD-Long Island City,NY","3530 36th St Ste A, Long Island City,NY 11106, (718) 786-6825"
-73.92136,40.75296,"DD/BR-Long Island City,NY","4202 Northern Blvd, Long Island City,NY 11101, (718) 609-0723"
-73.91479,40.75302,"DD/BR-Long Island City,NY","3500 48th Street, Long Island City,NY 11101, (718) 784-3638"
-73.92307,40.74339,"DD/BR-Sunnyside,NY","4128 Queens Blvd, Sunnyside,NY 11104, (718) 361-6825"
-73.91938,40.74352,"DD/BR-Sunnyside,NY","4513 Queens Blvd, Sunnyside,NY 11104, (718) 706-9281"
-73.93292,40.76416,"DD/BR-Long Island City,NY","3326 21st St, Long Island City,NY 11106, (718) 728-3250"
-73.91107,40.63692,"DD/BR-Brooklyn,NY","8301  Flatlands Ave, Brooklyn,NY 11236, (718) 531-4469"
-73.90350,40.64644,"DD/BR-Brooklyn,NY","1375 Rockaway Pkwy, Brooklyn,NY 11236, (718) 257-6490"
-73.89100,40.64998,"DD-Brooklyn,NY","11010 Flatlands Ave, Brooklyn,NY 11207, (718) 257-3300"
-73.88197,40.64794,"DD-Brooklyn,NY","1358 Pennsylvania Avenue, Brooklyn,NY 11239, (718) 484-4492"
-73.88802,40.63201,"DD-Brooklyn,NY","2092 Rockaway Pkwy, Brooklyn,NY 11236, (718) 251-1052"
-73.92821,40.76314,"DD/BR-Astoria,NY","2514 Broadway, Astoria,NY 11106"
-73.92287,40.76086,"DD/BR-Long Island City,NY","3401 Broadway, Long Island City,NY 11106, (718) 278-4860"
-73.92110,40.76693,"DD/BR-Astoria,NY","3117 30th Ave, Astoria,NY 11102, (718) 956-3582"
-73.83613,40.70757,"DD/BR-Richmond Hill,NY","11602 Metropolitan Avenue, Richmond Hill,NY 11418, (718) 776-8609"
-73.83080,40.70821,"DD-Kew Gardens,NY","8155 Lefferts Boulevard, Kew Gardens,NY 11415, (718) 846-0089"
-73.82965,40.71366,"DD-Kew Gardens,NY","12074 Queens Boulevard, Kew Gardens,NY 11415, (718) 544-4040"
-73.92004,40.75792,"DD-Astoria,NY","3248 Steinway St, Astoria,NY 11103, (718) 777-6655"
-73.91572,40.76275,"DD-Long Island City,NY","3043 Steinway St, Long Island City,NY 11103, (718) 721-7888"
-73.81466,40.69691,"DD-Jamaica,NY","13430 Atlantic Ave, Jamaica,NY 11419"
-73.82675,40.68585,"DD/BR-South Richmond Hill,NY","11611 Liberty Avenue, South Richmond Hill,NY 11419, (718) 845-9561"
-73.80522,40.67468,"DD/BR-South Ozone Park,NY","13320 Rockaway Boulevard, South Ozone Park,NY 11420, (718) 845-9875"
-73.80123,40.67436,"DD/BR-Jamaica,NY","9405 Rockaway Blvd, Jamaica,NY 11417, (718) 843-0400"
-73.79353,40.68561,"DD/BR-Jamaica,NY","11420 Sutphin Blvd, Jamaica,NY 11434, (718) 925-8791"
-73.93448,40.73930,"DD-Long Island City,NY","4925 Van Dam St, Long Island City,NY 11101, (718) 706-6025"
-73.80253,40.70761,"DD-Jamaica,NY","8777 Parson Blvd, Jamaica,NY 11432, (718) 526-4820"
-73.80759,40.71483,"DD/BR-Jamaica,NY","8347 Parsons Boulevard, Jamaica,NY 11432, (718) 526-9690"
-73.81085,40.70315,"DD/BR-Jamaica,NY","13850 Jamaica Avenue, Jamaica,NY 11435, (718) 291-3107"
-73.81569,40.70426,"DD-Jamaica,NY","13819 Hillside Ave, Jamaica,NY 11435, (718) 526-1500"
-73.81786,40.70236,"DD-Richmond Hill,NY","13504 Jamaica Ave, Richmond,NY 11428"
-73.84293,40.67441,"DD-Ozone Park,NY","13415 Cross Bay Blvd, Ozone Park,NY 11417"
-73.76807,40.69230,"DD-Jamaica,NY","15902 Jamaica Avenue, Jamaica,NY 11425, (718) 206-3593"
-73.85411,40.74204,"DD/BR-Corona,NY","5401 108th St, Corona,NY 11368, (718) 271-8061"
-73.85890,40.76139,"DD-East Elmhurst,NY","10801 Grand Central Pkwy, East Elmhurst,NY 11369"
-73.83123,40.75934,"DD-Flushing,NY","13541 Roosevelt Ave, Flushing,NY 11354, (718) 460 2096"
-73.83556,40.76279,"DD/BR-Flushing,NY","1503 College Point Blvd, Flushing,NY 11356, (718) 530-0019"
-73.83785,40.75733,"DD-Flushing,NY","8922 Roosevelt Ave, Flushing,NY 11372, (718) 899-8484"
-73.85619,40.74900,"DD/BR-Forest Hills,NY","9925 Horace Harding Expy, Flushing,NY 11368, (718) 271-9222"
-73.83366,40.75628,"DD-Flushing,NY","4102 College Point Boulevard, Flushing,NY 11355, (718) 939-6341"
-73.83305,40.71532,"DD/BR-Forest Hills,NY","11716 Queens Blvd, Forest Hills,NY 11375, (718) 268-5380"
-73.85510,40.72089,"DD-Forest Hills,NY","7167 Yellowstone Bd, Forest Hills,NY 11375, (718) 263-5606"
-73.85338,40.72720,"DD-Forest Hills,NY","10005 Queens Blvd, Forest Hills,NY 11375, (718) 793-3690"
-73.84393,40.72197,"DD/BR-Forest Hills,NY","6366 108th St, Forest Hills,NY 11375, (718) 275-4575"
-73.86375,40.74974,"DD-Corona,NY","10227 Roosevelt Avenue, Corona,NY 11368, (718) 424-2592"
-73.86978,40.74948,"DD/BR-Corona,NY","3804 Junction Blvd, Corona,NY 11368, (718) 397-5770"
-73.87460,40.73512,"DD-Elmhurst,NY","8801 Queens Blvd Sterns Mall, Elmhurst,NY 11373, (718) 393-9550"
-73.87166,40.73426,"DD/BR-Elmhurst,NY","9015 Queens Blvd Queens Center Space 1012, Elmhurst,NY 11373, (917) 418-5568"
-73.86980,40.73368,"DD-Elmhurst,NY","9123 Queens Blvd, Elmhurst,NY 11373, (718) 205-9464"
-73.87392,40.73325,"DD/BR-Elmhurst,NY","9507 57th Ave, Elmhurst,NY 11373, (718) 592-0940"
-73.79282,40.71066,"DD-Jamaica,NY","16904 Hillside Ave, Jamaica,NY 11432, (718) 206-4198"
-73.79243,40.70643,"DD/BR-Jamaica,NY","16804 Jamaica Avenue, Jamaica,NY 11432, (718) 526-3376"
-73.88411,40.74748,"DD-Jackson Heights,NY","8118 Roosevelt Ave, Jackson Heights,NY 11372, (718) 779-3947"
-73.88320,40.74325,"DD-Flushing,NY","8121 Broadway, Flushing,NY 11373, (718) 396-1765"
-73.77204,40.71037,"DD/BR-Jamaica,NY","18711 Jamaica Ave, Jamaica,NY 11423, (718) 454-3501"
-73.78388,40.71275,"DD/BR-Jamaica,NY","17915 Hillside Ave, Jamaica,NY 11432, (718) 658-1279"
-73.76192,40.72001,"DD-Hollis,NY","202-09 Hillside Avenue, Hollis,NY 11423, (718) 740-2002"
-73.89126,40.74699,"DD/BR-Jackson Heights,NY","7413 Roosevelt Ave, Jackson Heights,NY 11372, (718) 205-4440"
-73.90333,40.74574,"DD/BR-Woodside,NY","3956 61st Street, Woodside,NY 11377, (718) 507-1999"
-73.79561,40.70109,"DD-Jamaica,NY","16225 Liberty Ave, Jamaica,NY 11434, (718) 526-3376"
-73.89054,40.74896,"DD-Jackson Heights,NY","7520 37th Ave, Jackson Heights,NY 11372, (718) 397-5770"
-73.79140,40.67361,"DD-Jamaica,NY","14601 Rockaway Blvd, Jamaica,NY 11436, (718) 323-2444"
-73.86913,40.76216,"DD/BR-East Elmhurst,NY","10009 Astoria Blvd, East Elmhurst,NY 11369, (718) 803-7440"
-73.89628,40.75428,"DD/BR-Flushing,NY","7016 Northern Blvd, Flushing,NY 11372, (718) 672-1433"
-73.89637,40.75441,"DD/BR-Jackson Heights,NY","7016 Northern Boulevard, Jackson Heights,NY 11372, (718) 672-1433"
-73.78953,40.66726,"DD-Jamaica,NY","13344 150th St, Jamaica,NY 11436, (718) 358-4031"
-73.79912,40.66304,"DD-Jamaica,NY","13801 Queens Boulevard, Jamaica,NY 11430, (718) 262-0005"
-73.89373,40.72564,"DD-Maspeth,NY","5951 Queens Mid-Town Expy, Maspeth,NY 11378, (212) 286-0816"
-73.73885,40.70951,"DD/BR-Jamaica,NY","10962 Francis Lewis Blvd, Jamaica,NY 11429, (718) 465-1400"
-73.73685,40.71791,"DD-Queens Village,NY","21816 Jamaica Ave, Queens Village,NY 11428, (718) 217-0688"
-73.89672,40.70061,"DD/BR-Ridgewood,NY","6040 Myrtle Avenue, Ridgewood,NY 11385, (718) 386-4633"
-73.89694,40.70689,"DD/BR-Fresh Pond,NY","6667 Fresh Pond Rd, Fresh Pond,NY 11385, (718) 443-0726"
-73.90675,40.71280,"DD-Ridgewood,NY","5602 Metropolitan Ave, Ridgewood,NY 11385, (718) 381-3200"
-73.90111,40.71445,"DD/BR-Middle Village,NY","6122 Fresh Pond Road, Middle Village,NY 11379, (201) 995-0462"
-73.90411,40.72119,"DD/BR-Flushing,NY","6103 Flushing Ave, Flushing,NY 11378, (718) 417-0918"
-73.88088,40.70207,"DD/BR-Glendale,NY","7007 Myrtle Ave, Glendale,NY 11385, (718) 628-0350"
-73.75109,40.67229,"DD/BR-Jamaica,NY","13328 Springfield Blvd, Jamaica,NY 11413, (718) 978-8718"
-73.87654,40.71302,"DD/BR-Middle Village,NY","7513 Metropolitan Avenue, Middle Village,NY 11379, (718) 326-7837"
-73.73553,40.65373,"DD-Rosedale,NY","23436 Merrick Boulevard, Rosedale,NY 11422, (718) 712-3577"
-73.73481,40.66491,"DD-Rosedale,NY","24501 Francis Lewis Blvd, Rosedale,NY 11422, (718) 341-2894"
-73.90423,40.72404,"DD-Flushing,NY","6908 Grand Ave, Flushing,NY 11378, (718) 779-7459"
-73.74522,40.72982,"DD-Queens Village,NY","21911 Hillside Ave, Queens Village,NY 11427, (718) 776-8609"
-73.83406,40.76931,"DD-Flushing,NY","3015 Stratton St, Flushing,NY 11354, (718) 321-0567"
-73.82752,40.76677,"DD-Flushing,NY","3402 Union St, Flushing,NY 11354, (718) 321-7511"
-73.81351,40.78854,"DD-Whitestone,NY","1423 150th St, Whitestone,NY 11357, (718) 747-2472"
-73.83865,40.78180,"DD-College Point,NY","13007 20th Ave, College Point,NY 11356, (718) 478-1923"
-73.83615,40.78628,"DD/BR-College Point,NY","13210 14th Avenue, College Point,NY 11356, (718) 539-0016"
-73.82033,40.76518,"DD/BR-Flushing,NY","14625 Northern Blvd, Flushing,NY 11354, (718) 762-3894"
-73.86761,40.72276,"DD/BR-Rego Park,NY","6365 Woodhaven Boulevard, Rego Park,NY 11374, (718) 478-5407"
-73.86378,40.73033,"DD/BR-Rego Park,NY","9556 Queens Blvd, Rego Park,NY 11374, (718) 830-9008"
-73.86187,40.73030,"DD-Rego Park,NY","9637 Queens Blvd, Rego Park,NY 11374, (718) 275-2949"
-73.84929,40.57856,"DD-Belle Harbor,NY","432 Beach 129th St, Belle Harbor,NY 11694, (718) 634-4037"
-73.83778,40.58037,"DD/BR-Far Rockaway,NY","269 Beach 116th St, Far Rockaway,NY 11694, (718) 318-9500"
-73.80368,40.78242,"DD-Whitestone,NY","1755 Francis Lewis Blvd, Whitestone,NY 11357, (718) 746-7915"
-73.81285,40.79268,"DD-Whitestone,NY","1029 Clintonville Street, Whitestone,NY 11357, (718) 352-0300"
-73.77389,40.76879,"DD-Bayside,NY","3504 Bell Blvd, Bayside,NY 11361, (718) 428-3340"
-73.85525,40.71104,"DD-Forest Hills,NY","9712 Metropolitan Ave, Forest Hills,NY 11375, (718) 793-5785"
-73.92545,40.86243,"DD/BR-New York,NY","130 Dyckman St, New York,NY 10040, (212) 544-0272"
-73.91745,40.86671,"DD-New York,NY","3936 10th Ave BP, New York,NY 10034, (212) 942-4351"
-73.92092,40.86765,"DD/BR-New York,NY","4942 Broadway, New York,NY 10034, (212) 544-0453"
-73.81590,40.73940,"DD/BR-Flushing,NY","15367 Horace Harding Expressway, Flushing,NY 11367, (718) 358-4031"
-73.77132,40.76393,"DD/BR-Bayside,NY","4008 Bell Blvd, Bayside,NY 11361, (718) 224-7112"
-73.78664,40.76371,"DD/BR-Flushing,NY","3547 Francis Lewis Blvd, Flushing,NY 11358, (718) 886-5279"
-73.77052,40.76268,"DD-Bayside,NY","2340 Bell Blvd, Bayside,NY 11361, (718) 229-9836"
-73.78416,40.75945,"DD-Bayside,NY","2605 Francis Lewis Blvd, Bayside,NY 11361, (718) 225-3040"
-73.79604,40.73765,"DD/BR-Fresh Meadows,NY","6120 Fresh Meadow Ln, Fresh Meadows,NY 11365, (718) 591-6616"
-73.77753,40.73534,"DD-Fresh Meadows,NY","19605 Grand Central Pkwy, Fresh Meadows,NY 11423, (845) 264-3145"
-73.75888,40.74049,"DD/BR-Bayside,NY","21522 73rd Ave Bell Blvd Oakland Gardens, Bayside,NY 11364, (718) 217-1588"
-73.76026,40.74685,"DD-Flushing,NY","21902 Hoarace Harding Blvd, Flushing,NY 11364, (718) 423-6860"
-73.71516,40.74553,"DD-Glen Oaks,NY","25609 Union Turnpike, Glen Oaks,NY 11004, (718) 343-3611"
-73.71329,40.73614,"DD/BR-Floral Park,NY","25420 Hillside Ave, Floral Park,NY 11004, (718) 470-9245"
-73.72255,40.72504,"DD-Bellerose,NY","24501 Jamaica Ave, Bellerose,NY 11426, (718) 347-0851"
-74.07731,40.64375,"DD-Staten Island,NY","97 Stuyvesant Place, Staten Island,NY 10301, (718) 816-1917"
-73.79985,40.72286,"DD/BR-Flushing,NY","16822 Union Tpke, Flushing,NY 11366, (718) 591-6616"
-73.98096,40.57570,"DD/BR-Brooklyn,NY","1243 Surf Ave, Brooklyn,NY 11224, (718) 265-0102"
-73.96053,40.57782,"DD/BR-Brooklyn,NY","711 Brighton Beach Avenue, Brooklyn,NY 11235, (718) 934-5968"
-73.99036,40.69246,"DD-Brooklyn,NY","1049 Grand St BP Gas Station, Brooklyn,NY 11211"
-73.99115,40.69223,"DD-Brooklyn,NY","56 Court Street, Brooklyn,NY 11201, (718) 625-2068"
-73.79082,40.85450,"DD/BR-Bronx,NY","636 City Island Avenue, Bronx,NY 10464, (718) 885-3057"
-73.83847,40.88124,"DD-Bronx,NY","3804 Boston Post Rd, Bronx,NY 10475, (718) 599-2284"
-73.82822,40.88570,"DD-Bronx,NY","4090 Boston Rd, Bronx,NY 10475, (718) 324-8842"
-73.99455,40.76063,"DD/BR-New York,NY","606 10th Avenue, New York,NY 10036, (212) 247-2400"
-73.99020,40.76204,"DD-New York,NY","693 9th Ave, New York,NY 10036"
-73.95462,40.82115,"DD-New York,NY","3369 Broadway, New York,NY 10031"
-73.98666,40.71830,"DD/BR-New York,NY","140 Delancey St, New York,NY 10002, (212) 777-2003"
-73.98502,40.72204,"DD/BR-New York,NY","250 E Houston St, New York,NY 10002, (212) 388-1637"
-73.98698,40.74715,"DD/BR-New York,NY","360 W 31st St  21 Penn Plaza, New York,NY 10001, (212) 904-1160"
-73.98265,40.74489,"DD/BR-New York,NY","455 Park Ave S, New York,NY 10016, (212) 213-9010"
-73.98201,40.74754,"DD/BR-New York,NY","51 East 34th St, New York,NY 10016, (212) 481-2355"
-73.98573,40.74414,"DD-New York,NY","80 Madison Ave, New York,NY 10016, (917) 421-9041"
-73.98590,40.74661,"DD/BR-New York,NY","302 5th Avenue, New York,NY 10001, (212) 268-0686"
-73.97955,40.74620,"DD/BR-New York,NY","140 E 34th St, New York,NY 10016, (212) 481-2905"
-73.98063,40.74251,"DD-New York,NY","412 3rd Ave, New York,NY 10016, (212) 677-0644"
-73.98920,40.73603,"DD-New York,NY","101 E 16th St Union Square East, New York,NY 10003, (212) 254-2055"
-73.98516,40.73967,"DD-New York,NY","127 E 23rd Street, New York,NY 10010, (212) 677-3100"
-73.99287,40.74317,"DD-New York,NY","101 W 23rd St, New York,NY 10011, (212) 675-4040"
-73.98173,40.74060,"DD/BR-Manhattan,NY","355 3rd Ave, Manhattan,NY 10010, (212) 686-1500"
-74.00488,40.71587,"DD/BR-New York,NY","321 Broadway, New York,NY 10007, (212) 577-7550"
-73.99964,40.71492,"DD/BR-New York,NY","42 Mulberry Street, New York,NY 10013, (201) 995-0462"
-74.10394,40.57705,"DD/BR-Staten Island,NY","1854 Hylan Blvd, Staten Island,NY 10306, (718) 980-1257"
-74.12041,40.60207,"DD-Staten Island,NY","995 Manor Rd, Staten Island,NY 10314, (718) 761-5281"
-74.10838,40.57195,"DD/BR-Staten Island,NY","2425 Hylan Boulevard, Staten Island,NY 10306, (718) 667-4662"
-74.00697,40.70672,"DD-Manhattan,NY","100 Maiden Lane, Manhattan,NY 10038, (212) 422-4717"
-74.00789,40.71049,"DD-New York,NY","139 Fulton St, New York,NY 10038, (212) 227-0991"
-74.01004,40.70999,"DD-New York,NY","2 Cortlandt St  Aka 173 Broadway, New York,NY 10007, (212) 566-3921"
-74.00513,40.70864,"DD-New York,NY","64 Fulton St, New York,NY 10038, (212) 227-8503"
-74.00654,40.71101,"DD-New York,NY","132 Nassau St, New York,NY 10038, (212) 766-6586"
-73.95869,40.76411,"DD/BR-New York,NY","1225 1st Avenue, New York,NY 10065, (212) 734-5465"
-73.94336,40.83653,"DD-New York,NY","3851 Broadway, New York,NY 10032, (212) 568-1380"
-73.88310,40.84830,"DD/BR-Bronx,NY","2241 Southern Boulevard, Bronx,NY 10460, (718) 220-4019"
-73.91521,40.83929,"DD/BR-Bronx,NY","140 E 170th Street, Bronx,NY 10452, (718) 293-3500"
-73.80863,40.70193,"DD/BR-Jamaica,NY","14617 Jamaica Ave, Jamaica,NY 11435, (718) 262-0299"
-74.19183,40.53240,"DD/BR-Staten Island,NY","901 Huguenot Ave, Staten Island,NY 10312, (718) 605-0001"
-74.19701,40.55952,"DD-Staten Island,NY","1769 Arthurkill Road, Staten Island,NY 10312, (718) 605-6799"
-73.83176,40.84617,"DD-Bronx,NY","1752 Crosby Avenue, Bronx,NY 10461, (718) 828-0509"
-73.83658,40.84354,"DD-Bronx,NY","1320 Hutchinson River Pkwy Citgo, Bronx,NY 10461, (718) 863-8691"
-73.83676,40.84349,"DD-Bronx,NY","1325 Hutchinson River Parkway Citgo, Bronx,NY 10461, (718) 863-8692"
-73.82748,40.85260,"DD/BR-Bronx,NY","3276 Westchester Ave, Bronx,NY 10461, (718) 518-0341"
-73.82549,40.84279,"DD-Endwell,NY","3521 Country Club Rd, Endwell,NY 13760, (607) 785-2720"
-73.83919,40.84089,"DD-Bronx,NY","2973 E Tremont Ave, Bronx,NY 10461"
-73.99862,40.72945,"DD-New York,NY","234 Thompson St, New York,NY 10012, (212) 533-1310"
-73.90967,40.82453,"DD-Bronx,NY","511 E 163rd St, Bronx,NY 10451, (718) 402-6700"
-73.97139,40.64771,"DD-Brooklyn,NY","418 Coney Island Ave, Brooklyn,NY 11218, (718) 437-7730"
-73.95964,40.65541,"DD-Brooklyn,NY","721 Flatbush Ave, Brooklyn,NY 11226, (718) 940-6861"
-73.95900,40.65082,"DD/BR-Brooklyn,NY","872a Flatbush Ave, Brooklyn,NY 11226, (718) 856-2375"
-73.74716,40.73659,"DD-Oakland Gardens,NY","7910 Springfield Boulevard, Oakland Gardens,NY 11364, (718) 736-0100"
-73.99783,40.75612,"DD-New York,NY","466 10th Ave  BP, New York,NY 10018, (212) 564-7613"
-73.97440,40.67961,"DD/BR-Brooklyn,NY","244 Flatbush Ave, Brooklyn,NY 11217, (718) 857-4252"
-73.97678,40.75070,"DD-New York,NY","370 Lexington Ave, New York,NY 10017, (212) 682-4210"
-73.97654,40.74789,"DD/BR-New York,NY","567 3rd Avenue, New York,NY 10016, (212) 867-9578"
-73.97354,40.74871,"DD/BR-New York,NY","250 East 40th Street, New York,NY 10016, (212) 681-2482"
-73.76218,40.76127,"DD/BR-Bayside,NY","21920 Northern Blvd, Bayside,NY 11361, (718) 224-7112"
-73.93542,40.69684,"DD-Brooklyn,NY","1130 Myrtle Ave, Brooklyn,NY 11206, (718) 443-0726"
-74.00552,40.72733,"DD-New York,NY","175 Varick St, New York,NY 10014, (212) 924-7060"
-74.00703,40.72913,"DD/BR-New York,NY","395 Hudson St, New York,NY 10014, (212) 229-2515"
-74.00329,40.73354,"DD-New York,NY","75 Christopher St, New York,NY 10014, (212) 691-3138"
-73.95234,40.81081,"DD-New York,NY","321 W 125th St, New York,NY 10027, (212) 932-9636"
-73.75644,40.74861,"DD-Oakland Gardens,NY","6158 Springfield Boulevard, Oakland Gardens,NY 11364, (718) 357-1273"
-73.76091,40.67931,"DD-Jamaica,NY","13118 Merrick Boulevard, Jamaica,NY 11434, (718) 527-4653"
-73.95612,40.81358,"DD/BR-New York,NY","1342 Amsterdam Avenue, New York,NY 10027, (212) 866-4394"
-73.97653,40.74406,"DD/BR-New York,NY","601 2nd Ave, New York,NY 10016, (212) 532-5766"
-73.97902,40.74023,"DD/BR-New York,NY","476 Second Ave, New York,NY 10016, (212) 481-3522"
-74.06702,40.61557,"DD/BR-Staten Island,NY","1131 Bay St, Staten Island,NY 10305, (718) 420-4920"
-74.08382,40.62322,"DD-Staten Island,NY","175 Targee Street, Staten Island,NY 10304, (718) 448-8293"
-74.12927,40.61269,"DD-Staten Island,NY","1955a Victory Blvd, Staten Island,NY 10314, (718) 720-5393"
-74.13454,40.62606,"DD/BR-Staten Island,NY","1351 Forest Ave, Staten Island,NY 10302, (718) 447-7857"
-74.14806,40.62495,"DD-Staten Island,NY","1776 Forest Ave, Staten Island,NY 10303, (718) 698-8240"
-73.92824,40.81600,"DD-Bronx,NY","350-370 Grand Concourse, Bronx,NY 10451, (718) 401-0830"
-73.92259,40.81738,"DD/BR-Bronx,NY","274 E 149th Street, Bronx,NY 10451, (718) 292-1478"
-74.16355,40.62687,"DD/BR-Staten Island,NY","2222 Forest Ave, Staten Island,NY 10303, (718) 442-6631"
-73.73900,40.76733,"DD/BR-Little Neck,NY","24809 Northern Blvd, Little Neck,NY 11362, (718) 225-0513"
-73.95977,40.58215,"DD-Brooklyn,NY","3031 Coney Island Ave, Brooklyn,NY 11235, (718) 646-9700"
-74.14329,40.55428,"DD/BR-Staten Island,NY","150B Greaves Lane Pathmark Center, Staten Island,NY 10308, (718) 966-7111"
-74.12778,40.56466,"DD-Staten Island,NY","86 Guyon Ave, Staten Island,NY 10306, (718) 351-7368"
-74.14600,40.54206,"DD-Staten Island,NY","4000 Hylan Blvd, Staten Island,NY 10308, (718) 967-5744"
-74.11378,40.56637,"DD-Staten Island,NY","2704 Hylan Blvd Tysens Park Shopping Center, Staten Island,NY 10306, (718) 351-7185"
-73.83829,40.65240,"DD-Howard Beach,NY","16302 Crossing Bay Boulevard, Howard Beach,NY 11414, (718) 843-3100"
-74.16260,40.60714,"DD/BR-Staten Island,NY","1700 Richmond Ave, Staten Island,NY 10314, (718) 370-0580"
-73.86492,40.67911,"DD/BR-Brooklyn,NY","1213 Liberty Ave, Brooklyn,NY 11208, (718) 348-9282"
-73.86609,40.67556,"DD-Brooklyn,NY","640 Conduit Blvd, Brooklyn,NY 11208"
-73.78040,40.59522,"DD/BR-Far Rockaway,NY","4901 Beach Channel Drive, Far Rockaway,NY 11692, (718) 474-0024"
-73.78746,40.64234,"DD-Jamaica,NY","300 Terminal Rd Delta Terminal 3, Jamaica,NY 11430, (718) 553-6455"
-73.78332,40.64268,"DD-Jamaica,NY","500 Terminal Drive Terminal 5 FC SS, Jamaica,NY 11430, (646) 852-2329"
-73.78108,40.64365,"DD-Jamaica,NY","300 Terminal Rd JFK Int'l Airport, Jamaica,NY 11430, (718) 553-6455"
-73.79046,40.64307,"DD-Jamaica,NY","500 Teminal Dr JFK Int'l Airport, Jamaica,NY 11430, (646) 852-2329"
-73.90455,40.90682,"DD/BR-Bronx,NY","508 259th St, Bronx,NY 10471, (718) 432-1289"
-74.08526,40.59684,"DD-Staten Island,NY","1300 Hylan Blvd, Staten Island,NY 10305"
-74.00069,40.74764,"DD-New York,NY","243 9th Ave, New York,NY 10001, (212) 337-0251"
-73.99075,40.74846,"DD-New York,NY","152 W 31st St, New York,NY 10001, (212) 594-1656"
-73.99393,40.74619,"DD/BR-New York,NY","289 7th Ave, New York,NY 10001, (212) 229-4799"
-73.99840,40.74570,"DD/BR-New York,NY","269 8th Ave, New York,NY 10011, (212) 229-2622"
-74.11475,40.62911,"DD/BR-Staten Island,NY","770 Forest Ave, Staten Island,NY 10310, (718) 448-1500"
-74.10359,40.61638,"DD-Staten Island,NY","1201 Victory Blvd, Staten Island,NY10301, (718) 448-3215"
-74.10451,40.64521,"DD-Staten Island,NY","1000 Richmond Terrace, Staten Island,NY 10301, (718) 727-4426"
-74.15846,40.61330,"DD/BR-Staten Island,NY","1445 Richmond Ave, Staten Island,NY 10314, (718) 370-0601"
-74.19385,40.58898,"DD-Staten Island,NY","180 W Service Road, Staten Island,NY 10314, (718) 494-2528"
-74.21685,40.52212,"DD-Staten Island,NY","6390 Amboy Road  # 10, Staten Island,NY 10309, (718) 967-5862"
-74.20875,40.54358,"DD-Staten Island,NY","655 Rossville Ave, Staten Island,NY 10309, (718) 967-8806"
-73.98999,40.76733,"DD/BR-New York,NY","815 10th Ave, New York,NY 10019, (212) 600-4113"
-74.00772,40.71469,"DD/BR-New York,NY","100 Chambers St, New York,NY 10007, (212) 619-1222"
-74.00862,40.71407,"DD-New York,NY","130 Church St, New York,NY 10007, (212) 608-3510"
-74.00722,40.71306,"DD-New York,NY","250 Broadway, New York,NY 10007, (212) 732-0406"
-73.99996,40.71882,"DD-New York,NY","125 Lafayette St, New York,NY 10013, (212) 226-2333"
-74.00466,40.72146,"DD-New York,NY","381 Canal St, New York,NY 10013, (212) 226-4661"
-73.94576,40.79008,"DD/BR-New York,NY","1880 3rd Avenue, New York,NY 10029, (212) 426-3131"
-73.79483,40.64919,"DD-Jamaica,NY","JFK Int'l Terminal 5 51LL Baggage Kiosk, Jamaica,NY 11430"
-73.79127,40.65072,"DD-Jamaica,NY","JKF Int'l Terminal 5 FC Post Food Court in Line, Jamaica,NY 11430"
-73.79058,40.64746,"DD-Jamaica,NY","JFK Int'l Terminal 5 2T Pre Ticketing Kiosk, Jamaica,NY 11430"
-73.98609,40.72652,"DD/BR-New York,NY","100 1st Avenue, New York,NY 10009, (212) 420-7030"
-73.84622,40.65168,"DD-Howard Beach,NY","8209 153rd Ave, Howard Beach,NY 11414, (845) 264-3145"
-73.95935,40.80632,"DD/BR-Manhattan,NY","2258 First Ave Aka 401 East 116th St, Manhattan,NY 10029, (212) 410-5041"
-73.95654,40.80283,"DD-New York,NY","2103 Frederick Douglass Boulevard, New York,NY 10026, (212) 280-6414"
-74.00023,40.73893,"DD/BR-New York,NY","215 W 14th St, New York,NY 10011, (212) 255-7049"
-73.99663,40.73765,"DD/BR-New York,NY","536 Avenue Of The Americas, New York,NY 10011, (212) 727-0444"
-74.16540,40.59069,"DD-Staten Island,NY","2275/2375 Richmond Ave Heartland Shopping Center, Staten Island,NY 10314, (718) 370-0082"
-74.16543,40.58772,"DD/BR-Staten Island,NY","77 A Richmond Hill Rd, Staten Island,NY 10314, (718) 370-1238"
-74.16924,40.57908,"DD-Staten Island,NY","2795 Richmond Ave Pergament Mall, Staten Island,NY 10314, (718) 494-0749"
-74.16374,40.56020,"DD/BR-Staten Island,NY","680 Arthur Kill Rd, Staten Island,NY 10308, (718) 948-0600"
-74.23424,40.52781,"DD-Staten Island,NY","2965 Veterans Rd W, Staten Island,NY 10309"
-73.75426,40.59603,"DD/BR-Far Rockaway,NY","239 Beach 20th St, Far Rockaway,NY 11691, (718) 868-0448"
-73.98055,40.73436,"DD-New York,NY","325 1st Ave, New York,NY 10003, (212) 475-5928"
-73.98148,40.73225,"DD-New York,NY","266 First Ave, New York,NY 10009, (212) 533-4189"
-73.97925,40.72993,"DD-New York,NY","520 E 14th Street, New York,NY 10009, (212) 673-7185"
-73.94874,40.82834,"DD/BR-New York,NY","3600 Broadway, New York,NY 10031, (212) 234-2670"
-73.94907,40.78153,"DD/BR-New York,NY","1760 2nd Avenue, New York,NY 10128, (212) 876-3312"
-73.98677,40.73299,"DD/BR-New York,NY","218 E 14th St, New York,NY 10003, (212) 388-9992"
-73.97953,40.73579,"DD/BR-New York,NY","361 First Ave, New York,NY 10010, (212) 228-8895"
-73.98448,40.73684,"DD/BR-New York,NY","243 3rd Ave, New York,NY 10003, (212) 228-0442"
